{
  "sudameris:General": {
    "count": 7,
    "fields": {
      "discount": {
        "x": [
          0.6,
          0.7,
          0.6,
          0.62,
          0.64,
          0.6599999999999999,
          0.6799999999999999
        ],
        "y": [
          0.2,
          0.25,
          0.2,
          0.21000000000000002,
          0.22,
          0.23,
          0.24000000000000002
        ],
        "w": [
          0.3,
          0.28,
          0.3,
          0.3,
          0.3,
          0.3,
          0.3
        ],
        "h": [
          0.08,
          0.09,
          0.08,
          0.08,
          0.08,
          0.08,
          0.08
        ]
      },
      "merchant": {
        "x": [
          0.4,
          0.4,
          0.4,
          0.4,
          0.4,
          0.4
        ],
        "y": [
          0.15,
          0.15,
          0.15,
          0.15,
          0.15,
          0.15
        ],
        "w": [
          0.25,
          0.25,
          0.25,
          0.25,
          0.25,
          0.25
        ],
        "h": [
          0.1,
          0.1,
          0.1,
          0.1,
          0.1,
          0.1
        ]
      },
      "day": {
        "x": [],
        "y": [],
        "w": [],
        "h": []
      },
      "conditions": {
        "x": [],
        "y": [],
        "w": [],
        "h": []
      },
      "validity": {
        "x": [],
        "y": [],
        "w": [],
        "h": []
      },
      "cap": {
        "x": [
          0.55,
          0.55,
          0.55,
          0.55,
          0.55
        ],
        "y": [
          0.75,
          0.75,
          0.75,
          0.75,
          0.75
        ],
        "w": [
          0.35,
          0.35,
          0.35,
          0.35,
          0.35
        ],
        "h": [
          0.06,
          0.06,
          0.06,
          0.06,
          0.06
        ]
      }
    }
  }
}